"","cell","scenario","scNum","biomass.BC","biomass.BG","biomass.FBP","biomass.ZL","biomass.DC","biomass.CEP1","biomass.CEP2","biomass.FDB","biomass.FDD","biomass.FDC","biomass.FDE","biomass.FDF","biomass.FDM","biomass.FDO","biomass.FDP","biomass.FDS","biomass.BD","biomass.PL","biomass.WDG","biomass.BFD","biomass.BFF","biomass.BFS","biomass.ZG","biomass.DL","biomass.MA","biomass.BMD","biomass.BMS","biomass.BML","biomass.BO","biomass.FMM","biomass.FMN","biomass.MB","biomass.ZS","biomass.PB","biomass.SP","biomass.PS","biomass.PIN","biomass.FVB","biomass.FVD","biomass.FVO","biomass.FVS","biomass.FVT","biomass.FVV","biomass.FPL","biomass.FPO","biomass.FPS","biomass.PWN1","biomass.PWN2","biomass.DR","biomass.REP","biomass.SB","biomass.SG","biomass.BB","biomass.SHB","biomass.SHC","biomass.SHD","biomass.SHP","biomass.SHR","biomass.SSK","biomass.WHB","biomass.WHS","biomass.WHT","biomass.ZM"
"1","C_0","No fishing",1,0,34.8398884283054,0,509.314914228202,452365194.291782,53.9972951903018,216.031664864425,0,0,0,0,0,0,0,0,0,64.0660276530095,7742.42435363246,0,11.5806292453118,0,420.625775509417,20.0131685777143,4524876422.08326,83.3113264108433,1078.81717586174,0,2192.24805853138,0,0,0,1.43839035181539,509.314914228202,24.2766304103863,0,22662181249.8711,0,0,0,0,0,0,0,0,0,0,4.55077080249507,1.2805245422769,904677150.35898,0,0,0,6.06915760259658,0,0,0,0,0,0,0,0,0,439.238628604534
"2","C_1","No fishing",1,8.24131259050521e-05,125.491013670604,0.045602570679132,1722.09649256317,7.22922157061864e-06,4203.79521955421,3619.208542445,0.0696883195882292,0.486122428635397,611.942265390997,37.9019088859136,4.08530092066428,4.15613981158396,38.6340041295595,0.0208695413443285,0.354101640211049,280.615583833513,29672.6915859179,0,42.9981024126358,0.0328099075249604,475.346164033844,0.019799480261118,1985629039.47686,1.43863368194134e-06,30957.5621498746,2.15372308280083e-06,2993.96071722748,11.1405333004844,5.32760315386803,226.72333837009,8.95429046182229,1714.37745605523,5.94996820085229,0.00143712997673178,77269896416.366,0,32.1741730008718,2.99594661783997,61.1667389414903,0.460353207142634,0.728180650410345,102.982619197941,0.0934663053736129,115.40241470693,1.70661424982076,3.97940863567832,5.84708446329935,108877054334.896,0.00374508202827968,0.617373018213168,1.43863368194134e-06,82.6653637983676,0.682309790296604,0.0352919356895364,19.1085761868772,0.00697023019399404,0.133540352757809,0,0.031932978198584,1.70252983197607,0.734712463581252,1395.51818759675
"3","C_2","No fishing",1,9.97658984806917e-06,136.368408581106,0.0227409616327573,206.529477831637,8.75139460356944e-07,514.634105203003,445.983636226877,0.0556443046807387,0.441049044017434,500.254574661605,19.2877790324557,4.70343359773501,5.01598705687305,1.70064759624696,0.00640743822763989,0.0639078732878128,14.772738091756,4302.29991120055,0,8.99806994146106,2.12779505811303e-07,98.1943878628034,0.00210520565918787,367983146.925968,1.7416431464242e-07,2891.89419744299,2.65248225472591e-07,986.697206645973,2.52620551152344e-07,13.25959152491,216.458733147038,0.497231944124158,199.015160572649,3.86565931353492,0.00143139276655005,12523886571.828,1.84893512158909,32.9219332695641,1.21482902232071,69.7647661459342,0.445604372182489,0.359187937622184,180.27976802106,0.154836799038983,118.287736258451,1.74778359580616,0.445955345656887,0.475321653360784,17669334332.63,0.00564073434637978,0.77849045897816,0.0190585568256155,11.3056428559746,1.63421170409454,0.00613576499246961,12.7849922825464,0.00827839332809841,0.133572064688085,0,0.0326140398455377,2.58215016564451,1.11430953018161,130.365457415756
"4","C_3","No fishing",1,0.000200777157526769,97.083681299204,0.0435767714357501,1041.19446282885,1.76120313619973e-05,2596.45567368318,2293.6976501508,0.064213342734227,0.379922213069003,668.419728380623,42.0185149503541,5.6033832491041,1.86071433176453,30.9902619813933,0.00468826841588777,0.0286211093120941,17.7164950671414,20205.854883346,0,24.7530189812575,0.022265172882764,22541.6809251198,0.058630317554255,104253122.748645,8.67019200986107e-07,22.2799156455153,8.67019200986107e-07,3368.30951390187,4.69731381719537,1.90490419451693,177.536067919589,6.16007436974603,1037.20151530447,0.158460962998617,0.00122198891632178,52390367272.985,0,9.89208857983385,3.61446882379183,43.1005492682452,0.448011253777735,0.204949283906937,74.8002173255795,0.0547230501632088,102.471788399803,1.55757049727792,9.76451792113224,15.0208641871715,6300667226.59836,0.00141339423105235,0.542133141809625,8.67019200986107e-07,4.82840912520311,0.13013492718886,0.0443971260920064,9.8005219072913,0.0030711718622273,0.133483563734491,0,0.0290497474529862,1.44823296311438,0.588225634929867,848.580199895104
"5","C_4","No fishing",1,2.22596114629219e-05,134.919743515576,0.193860448667796,3168.65273389655,1.95259749674754e-06,1144.10229489252,995.822767386118,0.10450552765608,0.581582947232169,840.67824363562,70.4130328081813,8.36292288033016,2.09807798126136,64.0940085324516,4.63258462843844,24.9365806318978,2.27334048189355,43951.0516219803,0,19.2724219140801,0.0165795008045277,31133.6066727595,0.00543472875349939,203002715.250381,3.8291962943537e-06,3.88568452419012e-07,7.16695888770751e-07,5250.55988174717,2.13291104887995,2.70399252283035,820.207185010058,0.460602676466957,2836.48382506172,1.37355070517046,0.00143713236647114,578323706981.274,1.96710321779673,23.9154129826819,56.2808223022213,59.0699242572416,4.65112200120935,7.5646238552088,75.8046006910974,209.523908715742,101.948879084031,1.25901715220942,0.939158524994904,0.835877259883148,9212973100.4058,0.00106158663121772,1.07330640423651,3.88568452419012e-07,6.654169046071,0.1581960420964,0.150147431157565,1.3930366877069,0.214894374620958,0.133520502256715,0.371432227028916,10.0956933540149,1.70252934496486,0.734712541819215,248.583180084521
"6","C_5","No fishing",1,42.7971609155942,2621.31198855189,0.239035712776974,606.83179610944,1.14164797144614e-06,2160.63466667384,1861.13270295984,0.0823152053160649,0.675013296747322,549.858622832637,32.2039345483484,4.04233894476327,5.66061847090759,34.4702715980736,4.78581644840703,32.0949158857409,399.223580007705,39866.7569480422,0,39.5366497688978,401.46335806475,6953.65386872841,0.000984634994300209,148347635.983709,7.52920464318835e-07,2.64213930984135e-06,5506.08104642898,0.0158531642447801,301.263448505012,15.9462996306194,987.93270095473,3.77426391305206e-05,874.318715229865,1.78391866507294,0.000309085812507807,917695811767.706,10.4266950766218,28.3914909129154,53.9550242573282,46.1190536707538,4.47185376768464,1.77607935220877,149.267935998626,230.507388325643,64.2924581952907,1.06367493306176,6.32376741864314,5.24819173233592,2463804138.42834,0.0034935327003517,2.27326594964492,7.52920464318835e-07,1.68348009974921,0.491364485333403,0.165732163814672,7.13879747657899,0.232114812837922,0.13351746550725,0.393968399735833,11.052791441245,5.34119035993248,2.55116487204821,96.5907041520834
"7","C_6","No fishing",1,1.84547964535335,3034.6790664266,1.29862442083867,12111.4044628348,9.71421299760347e-07,19.0437621099724,1.93497013343748,0.859892694760339,1.07188317235551,737.082172060436,100.756093542163,13.3002789198212,52.7615995298702,43.1804667656002,4.81348694087908,46.8692995423101,1.19260668734545e-06,15492.1976893267,0,59.2650200638757,264.79840628788,90976.0096206621,18.0813979978127,940661855.930001,1.19260668734545e-06,1.19260668734545e-06,67.4779832155375,9782.28672320634,372.375389280903,23.1016772413776,877.765293061683,0.00033487672789286,694.025188044601,16.0139864422596,0.000627670978269159,1305581234494.89,21.6898196525945,56.4436636268562,54.1072196535118,65.6600757766523,4.78436776794093,2.45160962608255,155.179680595289,261.456574058723,103.074259584484,1.2901406360718,5.77809007986027,22.06986979529,24465730304.6539,0.00323769995186556,4.30623009912305,1.19260668734545e-06,11.127209941484,0.548099853227763,0.573410749254287,36.5147383250817,0.338838958405726,0.164421627467945,0.568402763958827,14.984271729581,8.04711346426912,2.85437160367092,62.8469358332915
"8","C_7","No fishing",1,1.48408805833014e-05,123.51674560872,0.160562979908216,2985.17193402305,1.30183163011416e-06,769.606600761907,675.652430933287,0.103852086150643,0.698080380554774,1005.81882162826,76.6336222565122,10.9933077224143,1.837990296469,60.0952084581077,0.00530553424989721,0.0631110780953206,11.2007034952865,67550.7342732248,0,25.3209744658186,0.0151556488514027,10567.8161156749,0.00808882536592939,53956115.6444788,2.59065755619957e-07,0.261415318857255,6.11141952400131e-07,1728.54008489951,1.42028257938727,3.3896177896787,258.172907247306,0.958279617501703,10.0055650441439,0.847034742712701,0.00138334525292678,108063590541.31,0,27.8369518879461,3.69617919280863,58.0145640888676,0.462294126478301,0.326157745567266,75.5747119948771,0.069068627125262,101.858209370282,1.47709822093396,0.655342824127204,0.709282540509866,4319496480.18884,0.00134541890094065,0.879897454440901,2.59065755619957e-07,2.34848896167468,1.43147695054657,0.1814755468848,10.8140930395915,0.00814098181376787,0.133513465134193,0,0.464283819895709,1.63895539723414,0.707277401469259,693.295186660508
"9","C_8","No fishing",1,1.93104935132322e-05,143.837308579452,0.160454739225903,400.930171757583,1.69390293975721e-06,997.556360150722,871.878423441299,0.104983491055908,0.709029657856911,917.86989786833,71.161869790438,9.61113458447596,1.83662356989012,60.5148291030102,0.00530559109679632,0.0634791951830458,5.11107996168028,99126.4640088981,0,28.5320292423774,0.0250790710645725,21285.4314188953,0.00474745691417993,97488949.0082579,3.37091864981299e-07,0.0227662609497545,8.93053998399893e-07,2310.43458051573,1.75060713780126,2.44240155305256,261.329235356362,1.18006044211796,393.189624879031,0.210504324712214,0.00138334528418869,80710532026.9751,0,27.6332319403713,3.65140802600865,58.0709951214789,0.455756968999056,0.326174919353779,75.9731405803222,0.0693960087293744,100.746672385476,1.46642057782197,0.875582354324949,1.01982873637434,5807487080.05638,0.00131441629771602,0.879846231910783,3.37091864981299e-07,4.41228493312212,0.0443044492857618,0.175829314341923,10.8035728665763,0.00849673159868158,0.133515593080676,0,0,1.63895526828985,0.707277397857627,254.965014167982
"10","C_9","No fishing",1,2.53570425670316e-06,227.118297565906,0.199471254380483,47.7395920803099,2.22430197956418e-07,129.401082565703,111.640234117814,0.141188057740301,0.940274823584209,1233.76973856968,99.8497781056655,13.7077162120982,0.438338713036885,80.3812100774507,0.00551010059245676,0.0647150005912792,0.0118485918933857,4849.64451823669,0,10.0057137429536,0.00195821222797423,5087.37708780089,0.000640389289875411,40894060.1243829,4.42653143695848e-08,4.42653143695848e-08,8.17157995282946e-08,596.969281450699,0.285029955545612,4.38712294382078,337.985607742324,3.64772805633326e-05,42.0720352967559,0.322072205613564,0.00143713094465526,66727751254.1358,10.8640555479478,23.3823525340542,3.68191608544233,58.3521815852239,0.462942869209091,0.338444887512624,76.0704669810363,0.0700173728244734,87.3575448521555,1.24609082009295,0.0612279318098676,0.0103438599684857,1949961608.83836,0.00339014412691154,8.34746735420188,4.42653143695848e-08,1.35905782008338,2.79491927801055,0.251456473477387,1.25774590606177,0.00869905070224043,0.133516198613791,0,0,6.88449932202138,2.97100268020501,0.840769739929186
"11","C_10","No fishing",1,0.368059290293039,480.028483845335,0.290631374916199,110.577496147809,4.74580622171759e-07,280.307580228263,245.966979229274,0.129429474121244,0.99753363385907,1098.07512969586,95.3164399703637,13.1382404310649,10.4717565379793,5.85948512694037,0.00551133010074807,0.0655565361348525,34.3877285082514,8397.07181537879,0,23.235416452711,58.2704810665171,3400.34102900721,0.00125442203589276,25233371.8492317,9.44423875985608e-08,0.0247599028889025,423.31222025322,1421.18527223355,151.931013052921,10.6201030297264,431.141552782329,1.15005264212389e-05,41.9652151820417,0.175511008568283,0.0014371315178375,239124088170.754,10.8145024294079,6.81493373672281,1.54877619968371,11.8484262955453,0.203498477391002,0.338695213981006,82.2454887516559,0.0379852333897485,24.3984194409193,0.378274426172835,10.2817871561386,12.2273733003676,1234808611.63974,0.0040144091084188,8.33674212879062,9.44423875985608e-08,0.878088785216273,0.046024718583502,0.210599256342868,23.3139549161534,0.0148345693969771,0.133421610117899,0,0.147803851533616,6.88446702703126,2.97100273417252,156.896835984126
"12","C_11","No fishing",1,1.77958432150338e-06,18927.5140745886,0.332681909402105,3063.32075879332,1.56103887851174e-07,0.266509448174251,0.00461803374176964,0.133271933202545,1.04915403617133,1112.09993214325,98.2668870034571,13.0286810340129,13.247617830127,45.8713192862507,5.11185190180327,172.388921847678,1.91638069234894e-07,2847.4815539416,0,24.0637791695918,119.181804186942,137538.20727812,3.53700834310903e-06,2837609182.15245,91665.3493531534,1.91638069234894e-07,1211.1859997268,422456.435261634,79062.5047730128,18.5971868951676,1166.40801298676,8.71872744147712e-06,6071.1566396859,17.9199741197869,0.000465258785891232,3078033883231.23,23.4346347040869,22.5967349578191,53.9963046101568,33.7839726951509,4.5688049895729,1.60846006439908,120.847190106792,260.734310770945,33.9708159586942,0.613240675504778,36.6532013245769,20.6586907711105,60878760000.6621,0.0139283154655404,2.32401123047586,80088.1315972631,53.1355029554945,0.454457864136014,0.649287418863219,52.1740468621941,0.337435197686261,0.164331868369888,0.56757127696454,14.9832625736471,11.7595840659606,4.17124774786946,0.00269917084127236
"13","C_12","No fishing",1,2.07875333345137e-05,237.870405531586,0.319470859503754,265658.099912427,1.82346783636085e-06,1073.42767189748,936.241776345337,0.144687638763401,0.722996049892247,992.72527876777,76.8973621591316,9.5982714070182,7.10809956219884,24.7030923441465,4.63681778494799,25.4032565953669,16.0587039203554,29489.8731543208,0,39.8208555265659,5.96330725556664e-07,22518.2395272139,746.052074872924,24869966866.7809,3.62878569549486e-07,0.326700821492626,7.48810095705345e-07,5556.9688771798,3.62878569549486e-07,10.4543216854158,791.88403309294,0.130776511703992,14.649743481376,758.090063065983,0.00143713235903807,6884352800643.88,1.9670595423672,29.0954335201649,53.980784992853,70.2203782169181,4.71902832885481,2.30482536909023,179.201482145189,209.58886399875,122.736020719005,1.5303367958316,156.292690321219,406.387129652342,724438477994.748,0.000944770342074699,1.07337458334782,3.62878569549486e-07,6.95494745524573,0.0460260432098808,0.246092424075086,24.1793075109473,0.218716550588039,0.133577007408022,0.375580347869713,10.1033640683608,1.7025299059072,0.734712562318199,52696.8225253368
"14","C_13","No fishing",1,3.19978950161217,4495.6363591494,0.544714918657847,238.70200107692,3.14854692986424e-07,236.819904912459,94.549955375294,0.363937938194888,1.01879155393708,1109.90714195424,102.293121992633,15.5195802461836,19.7259395629208,41.9007008036297,4.87224755331986,45.4989570280033,1.33111843257884e-06,6029.89585246005,0,43.1862153159303,238.792713911853,61700.1572581835,7.14689478388185e-06,552989695.85465,3.86547008461836e-07,3.86547008461836e-07,2165.1446312641,3754.37695779957,281.630069581222,18.524309394697,982.08957348042,1.76738864244272e-05,1391.26866446091,5.35104627550509,0.000587670356341979,356025659429.266,17.322699246112,19.2278935113297,54.0330362425737,24.0855692284057,4.54369916850009,1.03750964352181,99.4578180404978,261.113838365106,31.3826915506586,0.503038701609456,11.1716593984628,7.31209437999986,10977089840.7669,0.00450254609892676,1.65234974108097,3.86547008461836e-07,8.53712876289262,0.280160853979087,0.622182316824799,34.6964934499945,0.330818831382225,0.164300117912474,0.567348376253987,0,8.96151981987863,3.17870724899542,0.0577712761578093
"15","C_14","No fishing",1,1.55080684386401e-06,135.230268268112,0.218787362656802,809.202791343344,1.36035688058247e-07,78.9873082812342,68.0169939937493,0.107098538219716,0.763022916272012,970.142923611754,77.2969476709779,11.118727383004,0.438064670864304,79.729286753411,0.00550914156390875,0.0659048575190564,0.0112110404398753,6840.50096435245,0,4.80981343560102,0.00272847073029438,3066.46259572247,4.94980425235469,209445973.921252,2.70714467259586e-08,2.70714467259586e-08,7.00058344557969e-08,359.441943889213,0.192874900401713,4.35186843428507,334.562332498567,2.27596847093938e-05,0.658315034115494,4.23054102146106,0.00143713092151437,64133436813.4913,10.8639742717913,23.5751696563179,3.7286616779956,58.2502698124185,0.46951813646439,0.33831895014394,75.7417101330052,0.0694202040220903,87.6678308820577,1.25619801465602,0.740101592324879,0.959781194703771,3807370860.41628,0.00343499938635397,8.34418060508934,2.70714467259586e-08,0.906208825837445,2.82043632440415,0.25040601016107,1.25791602462928,0.00857635507861393,0.133513976013865,0,0,6.88448660450482,2.97100258813961,66.1595739808998
"16","C_15","No fishing",1,0,0,0,0,0,0,0,0,0,0,0,0,0,0,0,0,0,0,0,0,0,0,0,0,0,0,0,0,0,0,0,0,0,0,0,0,0,0,0,0,0,0,0,0,0,0,0,0,0,0,0,0,0,0,0,0,0,0,0,0,0,0,0
"17","C_16","No fishing",1,2.42381866473947e-06,212.018961258314,0.186524705518274,43.6634210234792,2.12615672345568e-07,123.048257573435,105.687186324807,0.102968611253023,0.759852190308683,952.78952524583,79.0323154400622,11.1287866835889,0.438097590817438,79.7291645245495,0.00551003347237679,0.0633385651462195,0.00553188200731829,823.607703880502,0,6.73627788079764,0.00138692430947191,5486.71609107112,0.000583950884013585,41593601.8087039,4.23127855623743e-08,4.23127855623743e-08,5.82482826620495e-08,561.785807885044,0.261843555892902,4.35194351207241,334.688151297932,3.27286164917302e-05,40.0185704622879,0.298054417942681,0.00143713092221341,2456755836.44738,10.8639545920332,23.5753190519162,3.72868620960911,58.2508248279423,0.469540952721088,0.338523286896996,75.7845926730676,0.0694227973724949,87.700547815227,1.25619837813633,0.0616743511165557,0.0127089224342524,1927495945.93688,0.003347577380103,8.34216762952052,4.23127855623743e-08,1.37732158524694,2.82044146500547,0.247011499403279,1.25792725132892,0.00726142479000545,0.133516298743974,0,0.110857350129798,6.88448321871797,2.9710025322193,0.67410421826294
"18","C_17","No fishing",1,0.000201069629556317,103.55876344523,0.0518352530150571,1044.49712798989,1.76376868031857e-05,2647.48010185618,2315.22501669394,0.0703624314145708,0.353614586044127,667.440732660154,45.2888458243823,6.53293312822618,2.42982378575986,1.05766476795855,0.00482551328202402,0.0335470434774196,344.834576074271,103836.259938291,0,47.4486404967265,8.69603373042872e-07,8.6828341134157e-07,0.0573269774080069,1707943049.13253,8.6828341134157e-07,26964.7315461046,8.77279600727931e-07,8.75568423215888e-07,1.17889209044189e-06,8.6063767202941,152.712905431833,4.07112060434918,1038.72417455239,6.79503525351279,0.00125784492222526,1264617615400.73,0,12.9286102245437,4.55538431135149,51.4635228947734,1.49330469882193,0.210949775626584,170.300043991653,0.11763850686307,135.528934955993,2.03354894877608,9.79959554227489,15.1147361436403,98400218654.2198,0.00330732407249703,0.621603379736839,8.6828341134157e-07,72.0667726106183,0.0394196823170075,0.0615777497415292,3.75371716138083,0.0032247156603803,0.133557444306992,0,0,1.49061451878257,0.605440190448114,935.848108714975
"19","C_18","No fishing",1,2.44888071910755e-05,76.7863927760315,0.111045278361177,3518.51840754605,2.14814098167329e-06,1267.81154308679,1111.04880884971,0.0985982267561841,0.383979020371464,679.814693812592,50.9004345445321,6.55908345005611,3.06909993168765,41.3192254724132,0.00537417614070996,0.0704870560044314,2.55078157429701,50297.984306495,0,18.8282410809321,0.0188344771131896,22352.1486740081,0.00594882781313787,103356184.713298,4.27483732018399e-07,0.116613446177303,8.94215176937359e-07,3748.58658747571,2.22890488802875,2.64963735481019,178.196151873404,2.66625119827212,3498.5236658717,0.20371376350429,0.0014012724071184,630543327890.943,2.10834312653091,27.3999190693122,12.0850733133325,58.5720717668702,1.37033686756716,0.343989382279829,75.5786564009004,0.0701460482353065,103.461582525158,1.43562707735052,1.13989912641317,1.45910107348192,5987487810.14961,0.00154077472818843,1.20879258367695,1.60348004508417,4.59838375201578,0.0448752339401174,0.0709976799466029,7.71064096704568,0.00464597584771393,0.133516233933656,0,0.999546461857202,1.66014610384786,0.716422362988929,364.233034466967
"20","C_19","No fishing",1,3.89968389616108e-05,484.306369577167,0.335333649596482,5591.29176028845,3.42077534750972e-06,2012.62743171646,1758.15933279711,0.122501653685042,0.664699945959801,1026.65957245637,87.5074629339479,11.0219839496499,2.60512123195398,69.8410914391354,4.63283059303268,25.3510484626869,12.6133427022576,77643.554759953,0,71.8784311153359,0.0285840480489378,45067.6514074271,0.00932669060413629,259249926.876994,6.80743107175336e-07,0.000708415646468355,1.285281100117e-06,7453.65486428947,3.69095471604184,2.65249846474357,843.764741406252,0.436179228055538,5223.63246833424,1.33886402332839,0.00140127561701253,1009712841740.67,2.11025458424887,25.9412490346804,56.4042099521992,58.618088316845,4.67003634896743,7.57094060411535,75.485058779537,209.536081371527,109.654504596748,1.35921991753801,1.74401456663052,1.91064814617419,13391949945.1839,0.000945151799866958,1.20877641406507,9.48537245169455e-05,9.82232140324754,0.0448803695086922,0.276332211146608,4.55053381455845,0.21706503502591,0.133517418069355,0.371423915653064,10.0956831541911,1.66014604018493,0.716422518555553,527.987147843305
"21","C_20","No fishing",1,0.245310537410316,4470.65327535734,89.0682850896375,2.62143145702268e-06,1.5087442312657e-07,106.811980167492,23.0569052241469,16.9721772018543,0.92040631678174,1175.51665437589,96.8685257763495,16.2850971322235,379.227179238542,25455.548240613,172.009317809419,1072.24854607061,5.73323328987573e-07,1189.6817384557,0,21.3600891172782,70.6061543630052,13.4888122155143,1.7199684246393e-06,2816321526.92681,5.73323328987573e-07,5.73323328987573e-07,2019.93589668069,45255.8391772239,470478.961062446,1017.05739134483,1834.72999727263,2.43479629038379e-05,5.85980826541332e-06,31.0177907560611,0.160151109400115,3885.55117270422,366.975503486397,1112.77511782,3057.10613792665,9080.70337752852,420.023414950457,561.017615782497,10731.2264663149,20606.5179105259,11018.3195047587,197.893155216231,0.159077813199744,0.159077813199744,23820783635.1053,0.295730857462043,2.91957245404742,6.39752831975132e-06,21.8573253577824,289.576415337315,121.868428284744,760.767397976478,60.919769502961,43.4290352150245,73.1761684256313,0,269.691398862775,379.057329733583,1.71997754030452e-06
"22","C_21","No fishing",1,3.51726092986791e-05,448.689294030651,0.167431159591061,2027.90537708075,3.08531660514729e-06,394.150108064252,121.707893666403,0.0867895578787716,0.509991593497871,733.140202287308,55.937741135165,7.33298203381248,7.16045347374373,2.06878573050944,0.00551149620514257,0.0644092963254617,1073.19637932087,127180.594781952,0,286.207258308928,4.24533424059461e-06,6.13986060221916e-07,1.72536673249977,2963822443.2444,6.13986060221916e-07,74381.2538938064,1.94092399090651e-06,6230.44458029086,0.000322750146659344,10.2819475138363,208.735368140198,0.000879843849569134,99.5001361357833,11.6914331121091,0.00143712983506891,862954140241.331,1.62174436476435,31.9624987787117,1.55685342118704,69.1184494026583,0.548532914729093,0.338853912087609,170.608722333602,0.147401875712994,116.013679969096,1.69551163094976,2.05241901942079,3.09142098914344,345884451778.594,0.00560673164158355,0.997026697243688,6.13986060221916e-07,226.723750195408,0.0460219562787791,0.18969661815979,17.35525156064,0.00722892691944767,0.133573317034695,0,0,2.47983576418445,1.07015616404872,926.177904308374
"23","C_22","No fishing",1,0,0,0,0,0,0,0,0,0,0,0,0,0,0,0,0,0,0,0,0,0,0,0,0,0,0,0,0,0,0,0,0,0,0,0,0,0,0,0,0,0,0,0,0,0,0,0,0,0,0,0,0,0,0,0,0,0,0,0,0,0,0,0
"24","C_23","No fishing",1,0,36.355207629014,0,839.811432089802,745906807.424739,60.0347443688919,240.209029686033,0,0,0,0,0,0,0,0,0,37.3378281780857,7188.10735315317,0,10.602128781677,0.00927695424100771,57.9323345039913,32.9997950077193,13430448415.7153,0,149.290963402277,0,0.0199137709693623,3.99297599653074,0,0,8.77654122545728,839.811432089802,80.0596691033732,0,20912516087.8849,0,0,0,0,0,0,0,0,0,0,2.65211150897943,0.74626783538323,1491725830.12458,0,0,0,10.0074586379216,0,0,0,0,0,0,0,0,0,724.262359912469
"25","C_24","No fishing",1,5.40397596266661e-06,1014.54123070938,0.247353199660275,323.324813700119,4.74032979181281e-07,834.224509670784,675.469744791383,0.0940278869244232,0.631507029892693,1007.24213297282,85.0257037775556,11.7992385206169,7.32435569149746,13.1371576628772,0.00219936021644544,0.0448436394196632,144.671919822402,19377.8648725567,0,58.1013703136469,2544.11953738052,1205.69194987198,0.000556089692753853,102591310.743926,3.12625211714692e-07,1195.76808010953,0.00250594757583825,3469.02205783299,1.05668320477525,8.65791792336084,205.419594657075,4.03082358849681,262.774304084803,0.39338543371458,0.0005721839001434,392230371303.343,5.41876308587994,43.5203533216785,2.08407087111933,69.8509240606086,0.503790166560674,0.148281756140767,142.873089677112,0.128568215725529,104.835096361839,1.48244681596545,0.162957704562814,0.0424662571109496,11143030334.6123,0.00613528140743222,0.93850652374329,3.12625211714692e-07,7.38218503155572,0.0183261067004402,0.309364044251122,26.4156754321336,0.0102677833575337,0.13356011653004,0,0,3.27060040210287,1.56214016284715,62.8087107549525
"26","C_25","No fishing",1,6.26321951437093e-06,19257.8959585753,0.280865498376771,650.70089014108,5.49405220558872e-07,1483.39412155791,1081.92608659751,0.148410969530055,0.735481676967925,748.64411886994,55.1524479431291,10.4112467884905,2.42324702365438,137.953489698601,4.67949187114634,44.3474652157908,1.12800449164736,53748.1848345941,0,44.8234526746431,0.016131536214971,57140.529305753,9.83507594731437e-05,318870165.693671,6.74500729256214e-07,6.74500729256214e-07,9.90835033873047,5774.09901521873,3.18400886098145,4.13222906186848,936.817388299971,5.91487889641527e-05,144.449379982834,2.11205666247291,0.00073225094708011,507968525116.635,0.95831843541095,57.5566322531746,56.3796574831805,67.1390580868631,4.81980282314216,11.2507644204478,72.3362195904299,261.231940623109,104.055631370056,1.35937933404412,0.1024914548319,0.0277682992335143,15067840698.2082,0.00052402969805975,0.521143621705941,6.74500729256214e-07,10.8320489042229,0.0742970797385743,0.527490893118443,14.242132605421,0.328253999705757,0.164358428209724,0.566691418007292,14.982703086284,1.19280594020144,0.423087378493956,0.234416186643817
"27","C_26","No fishing",1,0.000150978348323565,6543.81509633897,0.0699384578725802,8902.08984140445,1.3243714765225e-05,21242.7220820589,16457.8701288155,0.0813383131257821,0.459490398975977,450.134739533929,30.4783724958273,4.18419831453551,3.43527945245279,42.6655519411965,0.0103455546641882,1.90169596574928,3305.4252739981,718424.245873044,0,265.460306691876,107796.216617517,14908.7127499737,0.0134175118299023,3972847409.59353,8.73428789013497e-06,70545.6736363164,0.15298053310772,0.439340157295332,43.5638671859436,5.30080871589959,179.130448652705,8969.02575881533,8082.05987800196,0.685095349805747,0.000572183693750919,5435496175858.27,0,50.190070585845,11.5338392606421,60.6921674178938,1.37271042815441,0.465110985932933,80.192930374559,0.069561432313206,117.022886125991,1.70704065942346,7.23784315584951,10.6742019433097,239793678259.853,0.00109741440899349,0.25479330215166,8.73428789013497e-06,188.846985093911,2.75328733446437,0.143299912644372,21.3677810478377,0.00779132199330702,0.133511856852795,0,0,0.679571971923669,0.324581762009215,8116.17617399344
"28","C_27","No fishing",1,0.000313375099777668,4065.61335699314,0.0439624159246935,6558.07307360237,2.74890438401463e-05,15096.6623613908,12323.2881150216,0.0665022685973242,0.431511585520105,525.831509710311,33.4399260975347,4.60663215743826,3.29856213734289,16.3296121819644,0.00640784816126704,0.0973218037557345,1250.38475877929,1004508.17403662,0,272.421735176763,0.111671904870936,38.639902905391,0.0741575936374159,12928178425.1234,5.47038853673732e-06,232829.261979477,1.41005856133335e-05,0.119626954117935,24.3080314239963,7.55675766553366,164.66753147705,6.4623365231523,6535.99327983926,6.14961079973176,0.00143139176398274,893571564122.26,1.85670225631162,36.6491220125578,7.76171596916488,64.7108566401892,1.48794587952635,0.359234901950737,132.860324270123,0.114287949108499,128.831590226599,1.94299198518662,15.2899990675953,23.3865642595485,724609632866.145,0.00577882873379961,0.778562960650141,0.00306774981740204,578.442348246048,0.317869251424464,0.0673530657808092,11.5977596936694,0.00662050262303055,0.133555886266573,0,0.233579737842077,2.58214964484113,1.11430945641177,5571.93847169072
"29","C_28","No fishing",1,0.196784035055829,1848.42375031549,87.8787005190605,1.97361208524559e-06,1.73098564547578e-07,83.7960385621971,16.0899188034133,33.0400851631368,0.796369889797657,1007.66781869393,67.1034622175708,11.8628856872488,889.769602443013,17567.2258867605,231.135354271184,1086.76775881688,6.57773484836015e-07,817.09909129164,0,75.2716121094981,246.400470514615,403.936767859249,1.97335023352428e-06,2588182151.88682,6.57773484836015e-07,6.57773484836015e-07,3233.78930785282,37954.6599089955,409968.92725958,1970.7981543053,3516.57730723779,2.49795767511889e-05,1.36625951841141,28.627127159362,0.15414370903024,3968.2957225839,235.898290343468,819.454759791043,2841.67473385737,6815.64598153336,450.864533282914,279.497093494333,11818.6593591004,25971.6920687062,8190.11686143696,151.795642478133,0.277270952548008,0.277270952548008,27170745693.28,0.209529035694028,1.57449845480858,2.40017585939144e-05,22.7024688864134,2360.62109104409,119.137506920091,5010.06604603229,62.7400135506489,38.0604142153328,158.307577313168,0,173.325153927801,244.300253199299,1.97332363584561e-06
"30","C_29","No fishing",1,9.39472856377988e-06,59.3498869305116,0.119626935141561,1896.81629479749,8.24098996822796e-07,481.066243053136,417.778095734718,0.0897349490372737,0.461495286199859,739.752022031092,55.595673641255,8.87031638904673,5.42176787728483,24.6657207730191,4.63117747186007,23.993160271168,1.27578363617782,31270.2783599268,0,11.035032875785,8.25238821430801e-07,10672.7473798993,0.288734711072784,123240447.312132,1.63997354350642e-07,0.000570496661786025,5.64334634730054e-07,2399.69818794844,1.63997354350642e-07,10.2416704140847,781.275198945279,0.146193428025295,883.033606288308,1.6702602289278,0.00141920395623395,257502431045.17,1.96704346682573,29.3228861408506,54.1848420042423,69.6109145572551,4.77576776478607,0.33458580883807,169.549308421421,209.548374785375,123.426184806702,1.54148737746601,0.375054771475543,0.242653297580949,4471825000.2122,0.00100214581546293,0.997074667222652,1.63997354350642e-07,2.61625670330215,0.0454531027058585,0.188395966885113,23.1505763034172,0.214091753183379,0.133573738971939,0.365763831473983,10.0870125908254,1.68133502968318,0.725567508343332,172.118399843943
"31","C_30","No fishing",1,1.91244703089964e-05,1143.60894212792,0.175023710763797,398.669138824352,1.67758511482424e-06,425.878153290929,195.268361671565,0.133974171150579,0.628952516737785,865.229970034558,63.6656007021359,12.0776911611814,8.6190256677218,2.22436749867211,0.00551140943327042,0.0644278969458603,1087.3281726877,37542.6694571731,0,318.486886999625,6.04486835445178e-07,3.3384502747416e-07,0.0045724306873815,2616302548.96385,3.3384502747416e-07,45340.2814425782,6.78946577709638e-07,3836.30697504908,0.000382347752918138,10.2740390194276,234.502255505754,7.15336127353525e-05,387.881911758296,11.8194917503352,0.00143713020485201,518073745105.578,10.8143108366929,31.3317845445133,1.63702391967688,69.0204738499055,0.572400555277498,0.338832047419151,168.111299928315,0.145306826795288,114.845200567742,1.66247529000489,0.876859021908515,1.02968403204796,243420591471.17,0.0155000677583663,8.33980723290671,3.3384502747416e-07,162.883183097122,0.0460225508110552,0.248216813324627,18.7253530841707,0.00910137156796004,0.133573640574425,0,0.146017367654744,6.88447918580287,2.97100273054365,400.417360134404
"32","C_31","No fishing",1,0.000142777475750752,92.8151487808507,0.0241275322470418,1496.64718239727,1.25243399781361e-05,3723.65420553282,3281.66281342601,0.0561114112614342,0.34561803546325,514.43636694059,28.5566437997319,4.80717722226338,3.09855610319587,32.1754362408393,0.00523707316874708,0.0412133073987121,73.6977023050219,163854.048540651,0,30.9874487729957,0.0283722305196864,3195.96547008142,0.0349797175305764,222906589.314425,1.24774291528553e-06,3248.01088096097,1.41831548304635e-06,0.0628711025290934,6.48980654812874,2.83343410843415,171.97428208679,9.67971586041658,1491.53756721361,0.822941416011997,0.00136541567615202,1887181831514.6,0,24.8980691291576,11.7329692644599,53.3784767794438,1.42186031240757,0.280475980362912,83.9882820429887,0.0698978288184361,120.163059515474,1.82715127253483,6.9231849281901,10.2774320308007,13915061190.4045,0.00293220919629358,0.582952612059287,1.24774291528553e-06,10.0906008890857,0.0426597809907576,0.0202354028048768,15.0227346570636,0.00414267005729864,0.133511927714629,0,0.151078233426448,1.61776240925247,0.673834447288219,1251.48807229159
"33","C_32","No fishing",1,1.97206385546005e-05,146.770620809983,0.255800199996068,2830.44953877011,1.72988057496488e-06,1018.89278736227,891.37156897351,0.119324662151839,0.722566913368894,945.958621592248,64.0252646108527,12.2874703506302,5.41528753308742,24.677525050085,4.63434066859826,24.5244589976384,29.546447643682,44834.5857614516,0,41.2521040418225,7.5977452668567e-07,15721.4166869454,0.0039049913508757,117144094.240678,3.44251449740393e-07,2.73239750842168,8.86577490631057e-07,5036.53541888274,3.62705009081522e-07,10.2444345461468,780.831911785074,0.25153348576269,2473.52051607954,0.986879390779661,0.00141920395530132,558800712821.375,1.96704785964636,29.4519993445979,54.2331550183547,69.5773714887455,4.78820281651256,1.49809537392724,168.360620046787,209.585699978299,123.973961706036,1.54824655624173,0.818876160703796,0.673725394733432,6363334637.83468,0.00100012061831828,0.996809453166899,3.44251449740393e-07,4.26475237426745,0.0454531311643053,0.33322337748425,23.1167254391043,0.218872405921828,0.13357269911406,0.370022671327974,0,1.6813337421561,0.725567499978589,287.347371487961
"34","C_33","No fishing",1,0.000314918433650842,407.968543891579,0.0344113343891856,6590.80248082181,2.76244240044599e-05,15782.4761232212,13367.0903988992,0.0567012992981546,0.371781585332256,431.765145931405,22.5024722753715,3.43126575754127,3.36670068754354,6.92835049549793,0.029109301627475,0.500195590770231,1034.22514546608,1122079.93039611,0,151.182851133894,0.0397884575252792,74.688561448256,0.0723103608851925,8844825336.7217,5.49732908299435e-06,155331.032260866,1.30218459547436e-05,0.0466462773131033,7.4668956961477,9.55499911777343,149.804670935778,30.0758223152022,6572.92727511425,6.63217450318266,0.00143712832433897,1157741194977.82,0,38.0047568791162,6.59995994145015,66.7835171872047,1.63301985750011,0.841226422567602,148.63054490574,0.128284524089866,132.170856575614,2.01201978382638,15.371069133134,23.5385786056399,484304106252.708,0.00377567698248225,20.7406439357445,5.49732908299435e-06,386.791252631543,0.424462224496093,0.0505852687036881,8.09678022409498,0.00551050365037842,0.133562630838999,0,0.254258792205792,1.70252876575906,0.734712367337337,5593.85669986027
"35","C_34","No fishing",1,15.2034217139446,3480.36773408909,0.0390803434437977,4761.01740101206,1.99668546936679e-05,11802.7131041175,10356.6698288581,0.0690966861917821,0.454986053855759,580.062239705117,36.8195077946248,4.90270629588177,3.34534762446499,18.7007399005881,0.00640785674996839,0.0672419134335585,586.389313254811,605941.25743561,0,138.222671742423,143.040899182692,1521.03998001758,0.0523837326776702,1557417813.66072,3.97345357632296e-06,25717.862597849,2057.37177675817,0.0925420574652611,188.698494455299,7.50984473070282,180.355531088783,0.73915137352021,4501.57600756234,1.48435747379228,0.00143139210661948,550681736672.644,1.85668172199311,33.9879053279532,7.07365016043223,62.0088076708733,1.29834693623071,0.359234080463804,130.819345934507,0.112603531701125,120.277093289181,1.80361354287859,54.0585722070054,113.511765763191,83703640620.872,0.00537056708335101,0.77853481109988,0.140696985078513,66.971354262206,0.172856933284394,0.0507354613356895,11.7245272653427,0.00690603457445511,0.133553674686051,0,0.226827105954879,2.58214966042483,1.11430946454378,4025.23517845616
"36","C_35","No fishing",1,1.03987680083703e-05,125.62771630377,0.172485953928692,606.205993925843,9.12172632313181e-07,1192.20061757148,814.639484616834,0.0838636035709718,0.524119679471783,636.650457513918,44.025254387235,7.34927717372108,4.39304032724106,1.5521356607126,0.00219962818911749,2.28075326491124,404.164870719907,67378.1003809544,0,30.419911371469,8013.35747887249,1.38885879939933e-06,0.000902827415042673,453494864.242584,0.00106135163123067,7567.21176992692,0.0079973817670184,6.0395213152421e-07,7.07870912926338e-07,14.2964890759567,185.675841112956,7.35846415615117,518.924625845343,1.03539601344712,0.000572183635416038,170301019834.158,0,58.5759937924801,5.35379354209961,72.2241707445463,1.58786969081473,0.148382987135336,160.830952063664,0.143805006391837,138.344644309732,1.98953445130094,0.409607535181642,0.277162283769563,32443553603.4544,0.00144490529751762,0.213154484376014,6.01580622153806e-07,23.5885204165823,1.65544524348917,0.226366436425033,6.61497136994902,0.0079990600297306,0.133567918589039,0,0,0.679571554212148,0.324581738806317,246.353251174568
"37","C_36","No fishing",1,0.000689031152490153,77.1635566347233,58.7488914803865,0.00129595497797989,1.50154113043269e-07,9.18912849565337,1.09759820648633,22.64256998524,0.63115170347282,1039.61964273832,71.3702836317262,10.4400038794997,724.275323999333,5750.5002685417,148.03613298465,951.694822402315,5.70587150866971e-07,3322.13376927609,0,72.5512835476749,5.70587150866971e-07,33.1932024138545,4.16774091161884e-05,1796899270.9156,5.70587150866971e-07,5.70587150866971e-07,4.0094111707639e-06,8456.21176762109,5.7717424474329e-07,2583.46668582952,1430.51726721826,0.0305375530328021,0.00101948091754136,29.8665651689235,0.165293814196352,3265.46260406021,133.272280152862,1449.63138535032,2560.63798996198,9974.77117019568,503.668051597221,174.831710694178,16805.054462697,34706.8751170754,14686.2767225134,259.879219935506,1.71175688870439e-06,1.71175688870439e-06,14270298313.3707,0.0806852672656868,10.7808168225852,5.70587150866971e-07,3.85238666511111,57.867055223535,148.90880562309,7506.71632700198,62.5440166037244,31.9775991178067,227.202284012062,4608.99661180769,86.283117704002,121.918859615787,1.71188427659498e-06
"38","C_37","No fishing",1,8.53350694820582e-06,360.487312522492,0.356755578791826,981.20880835288,7.48553241070686e-07,2263.80956805332,1771.75948520821,0.115334636958088,0.628875629612865,856.779765987972,69.0786163449114,10.3561837921217,4.72312816931051,35.5906301419752,4.7564620968543,42.6286940981184,18.2418028855489,79197.9743962328,0,75.0411184618545,9.18997437201092e-07,54287.0773373914,1.69656551802943e-05,310138840.021996,9.18997437201092e-07,9.18997437201092e-07,20.5289565548937,5036.16357451228,9.18997437201092e-07,18.2660384183226,791.347794924065,3.38529457499714,320.432996177821,2.23440372718683,0.000735624436937666,704620984946.622,0.7898248947785,76.2772970363597,54.2130656842301,80.207976834671,4.94444077550877,2.73657936878934,161.057922515313,261.375385357627,137.370272478128,1.79504796602075,0.18679354346703,0.0739233196893227,14909400215.5172,0.000752901614693988,0.277954318669973,9.18997437201092e-07,10.4983895331282,0.987917164848802,0.751565212102249,24.3236278987601,0.327511453609835,0.164431708370222,0.56606906207629,14.9820363420291,1.11568803562179,0.395733778871248,19.8641886822523
"39","C_38","No fishing",1,1.64739074007329e-06,954.600231674809,0.185931593146956,95.8114447863835,1.44507959655552e-07,372.087758285118,266.27959843041,0.145715581780765,0.620202066632,565.805666750434,39.8259760985882,6.35713570640659,6.58378774635917,142.359988336869,4.77343747924664,44.6978061452554,0.163877637325128,7811.68111290407,0,11.8948610283007,0.00401793885766218,9668.00214170677,3.28364688757486e-06,67629058.6607527,1.77411415070221e-07,1.77411415070221e-07,51.43897105427,0.0100365283902968,0.907547086300012,4.13461844634887,959.924177552464,4.44830048736544e-05,38.3017206894241,0.607638749074507,0.000723094192909735,158787246957.567,1.41559018536045,72.1137829797143,56.4799917196508,66.9288650014459,4.842089735586,6.91300713383275,73.1858984181619,260.624115378995,129.885752777751,1.70145817699776,0.201384702607118,0.121824240593477,5144064645.43795,0.00060868237079429,0.500603677199373,8.99973061026095e-07,3.26296726075236,0.0873342306371232,0.457706415723145,39.8053724708679,0.323159427723041,0.164342140583815,0.568260823674054,14.9839967293027,1.40212440228641,0.497332851264578,0.00190123179007395
"40","C_39","No fishing",1,0.201007601799265,715.65755046209,20.9285370490063,2.83778983641596,5.36653339508858e-08,6.595816308944,1.08238370117527,25.0091080455551,0.548243121895291,733.480891615183,38.6690740939432,6.82967661965094,286.540896255413,17482.7235226481,159.115338120516,955.575168737162,2.03928148793641e-07,448.231651520518,0,22.9589426838308,43.7245084616407,0.00112196496789628,0.261670790112595,1054721481.92971,2.03928148793641e-07,2.03928148793641e-07,952.219970216839,195336.317600154,12900.0342656749,1945.64905701788,961.381302173571,7.33736395392755e-06,15.9081491381952,11.1857920716991,0.15924089381475,3261.3436605243,187.911711815716,970.079874634846,2614.75524329577,5805.30214269734,274.079061812429,291.894087341559,8379.53999373154,10445.1175628012,10146.3563548118,183.111639924174,0.319373072782627,0.319373072782627,84973406806.0336,0.159321830204805,1.19836040313722,3.59458069127487e-05,51.2284658677474,38.1377382888085,96.4444214415163,2885.83232698357,48.3446071915896,23.6910324587681,22.71154045805,0,133.619320849215,188.573094909923,6.11784807054358e-07
"41","C_40","No fishing",1,1.95833451412421e-06,12.6096191657095,0.111259867139485,5059.64906704435,1.71783729309141e-07,7.10454609352756,0.842974295830098,0.099364962562199,0.491786654565855,460.029483583265,33.7199787187206,3.90148892018276,1.26392030350131,103.527917507736,4.6727002192006,42.5067338144305,2.10897679965298e-07,13371.5318892959,0,7.54191238466576,0.00456024577064239,16086.7605859963,38.3409963067265,1563166348.31707,2.10897679965298e-07,2.10897679965298e-07,1.41270433853241,1582.95380826906,1.0101578829637,2.60716831170562,838.480825597667,0.293831042322759,4685.22718458088,33.0634271714586,0.000735624453978977,669518244652.334,0.78984512065036,57.4060060438498,56.5048131875454,64.5514469651911,4.8480202483456,13.8377590569225,70.3847402683142,260.879044081219,103.61388968504,1.35513530498289,5.5742383951765,3.74288659333181,21087282748.2549,0.000576741247610587,0.156540199717567,2.10897679965298e-07,2.52845096675338,0.069493106784615,0.486923229090804,13.7526432532428,0.322594654578319,0.164339863240486,0.570243645490327,0,1.115687593829,0.395733766600965,93.3380866755039
"42","C_41","No fishing",1,0.158971600601698,0.0305490417064078,77.2252921197639,6.38761210708833e-07,5.60316851428697e-08,5.53331245546141,0.866323644780921,70.2626417740671,0.921583708436514,594.391985029856,156.546137889163,18.4031479763763,1551.66540643729,16143.8256978035,131.818079936054,942.907526205263,2.12920152465923e-07,1012.89096739125,0,13.9130952218736,0.00464343046900893,8.48744990914954e-06,6.38761210708833e-07,1955781465.69439,2.12920152465923e-07,2.12920152465923e-07,1.75976532110961e-06,3052.98198450633,1697.55429520563,951.959590395056,662.800236813853,0.0291200577832744,6.38761210708833e-07,63.2370873452259,0.16529380753965,1174.49163572028,265.215460041478,1277.34954711956,2826.20732329652,7185.04427924098,273.699497609645,491.745557512967,8155.73150953448,11380.2952066515,12302.05811009,216.393911320975,6.38761210708834e-07,6.38761210708834e-07,92688930629.5012,0.0814966946826047,7.37801373585079,2.12920152465923e-07,17.4553343233012,21.261943268693,87.3176154149919,598.428456319128,49.8637978574025,33.6507808431605,24.949376497012,0,86.2392442618348,121.819610013097,6.38761210708833e-07
"43","C_42","No fishing",1,3.43041551776544e-05,123.897612955002,0.1209613243596,1964.87338566487,3.00913641909249e-06,179.855810968965,21.6441798574632,0.0889108132416276,0.364068169343542,421.354011208886,30.7090468941395,3.96844695781244,3.351925470049,3.43356502596149,0.0290905083189225,1.83779135064534,1312.90040580262,211693.804352089,0.0024839929099069,85.2977151326126,28533.2027683304,1.98453795027271e-06,0.00292817766875478,435517486.11366,1.98453795027271e-06,32476.0186670413,0.0095329313410218,0.00571463743427346,1.33480590165905,12.5145092706804,136.805671422742,2.1835554449194,1744.66149487067,1.24361775955135,0.00057218310397591,536198435102.623,0,56.9581261821102,6.17207273560945,71.3495053227973,1.63053308841739,1.00355514486103,149.26142237426,0.133321361573167,130.037109062948,1.93500933319828,1.5789703139703,1.96277991011209,75307627169.6592,0.00148692404880453,0.202737791035603,1.98453795027271e-06,47.9441810313856,0.980770313960918,0.200176989327043,7.38617578784766,0.00806933033634881,0.133564486170367,0,0,0.679571592909875,0.324581719332659,1537.74290217842
"44","C_43","No fishing",1,1.15104386303384e-05,93.8926942278282,0.247158099340502,1354.26688472584,1.00968759915249e-06,3634.82294829128,3172.55283111067,0.0960229550210234,0.4082167931362,478.050775755969,46.3717163013569,3.90091733112242,3.42320651252663,59.9200634746956,4.80504519979327,42.0315923898616,492.391940922724,122522.661587534,0.000652235459046571,52.388721342571,0.012927102191956,4758.46106941946,0.000107523347456105,156227662.91692,1.23958267977229e-06,0.000349085485039602,29.8361189048382,0.0321400018752857,2.3438598101962,13.268993751122,788.625976111513,3.87282724407824,604.017586595772,6.58387295045461,0.000735624435457543,931741609633.444,0.789834266460199,79.9464877329185,55.383454023023,73.9119201708456,4.91651704157467,7.64693408890786,118.873445814714,261.352823710535,143.751826757418,1.88059690838711,0.315627602564534,0.178672145236269,13512272372.666,0.000694903800245898,0.15654990228338,1.23958267977229e-06,3.34949355122817,0.0694935134468849,0.664078536779988,23.5251421100025,0.324231742183971,0.16440600488887,0.565116573354737,0,1.11568792392312,0.39573377967803,51.3190909448376
"45","C_44","No fishing",1,7.25213923353358e-07,0.00195778991408438,37.3386633534602,7.36475919871122e-07,6.36152564345391e-08,26.9008873189192,5.3143087131157,21.5780855414021,0.426714765092207,491.854928981918,53.4111110413723,6.70709400486275,157.789578967728,20586.6108149062,140.995357250983,972.274103419406,2.41737726471692e-07,1224.13073028088,0,13.3835614260596,0.00571631499589503,5.87282845130711e-05,7.25030960990061e-07,2211032601.05867,2.41737726471692e-07,2.41737726471692e-07,1353.44649752575,8942.47393154494,240947.864945336,461.290121065331,742.127162949114,7.66949394373052e-06,0.000411295367676025,25.1889430180672,0.165293802732637,70866.1405661516,130.647918344684,1233.8870852655,2928.20063325569,7635.52499153804,297.101426496799,551.849346831463,8700.32788188073,9695.21819784613,12957.2637216054,228.716875277799,0.11746393513576,0.11746393513576,16347589720.5983,0.105200368977527,0.605967638085254,2.41737726471692e-07,15.0194040708456,24.3769366026108,164.077993813832,455.436807610216,44.6204800336636,30.6117485489586,24.3443804149109,4607.70642624756,86.2749419622321,121.903215941822,7.25213923355612e-07
"46","C_45","No fishing",1,10.1747033030833,1131.99934063368,0.0797627045237028,9226.95821396242,8.00125874885817e-06,4307.28591381674,3440.83958365466,0.0756895384070353,0.550922439889805,583.143479673094,35.5006648895515,5.19092560449497,3.46981627436846,1.9389837383821,0.00640784380508109,0.196964620759411,2841.7324802215,245624.343407977,0,115.996838988594,167.978894794514,3.04234320477087,12.6807736867091,7253210579.22712,1.59227068880777e-06,83197.5755184501,1775.60481708765,2042.40331634631,586.248110292806,12.1151422605941,176.38946728351,0.000496445448265367,46820.5029553494,45.7328860557757,0.00143139195625827,1103259073273.98,1.85426774389599,32.711498868404,4.17230331428774,60.1099704137764,1.19868608661772,0.359231333067005,162.887469056929,0.134935860813694,115.98354618573,1.73674047006351,579.541169586735,1265.85449093261,291012457392.564,0.0057985623326297,0.778407966218108,0.00140315862229395,215.512539856553,0.480869039322511,0.0745731493813045,7.33421716876696,0.00913372806958154,0.133567170994593,0,0,2.5821451009804,1.11430937931591,3322.7414375671
"47","C_46","No fishing",1,1.11987518579926e-06,12.6992648073892,0.158567888468876,1128.88825249471,9.8234665420988e-08,5.38259538678128,0.672362305045847,0.127472112023018,0.619764530134939,633.449705606259,49.1746027926668,6.19806566517546,0.196714571085267,82.5798550360118,4.61597185401592,41.5388278487656,1.20601905623663e-07,4346.71573969788,0,8.52811113520757,0.00242419190080364,8898.30948254101,10.3819940343438,471079529.705388,1.20601905623663e-07,1.20601905623663e-07,0.474177458968117,1308.77623279728,0.532375050392648,2.46421434127484,777.25028178,0.782951163456892,889.23370604592,9.19098243264331,0.000735624418337859,253422519811.662,0.78984339091669,49.5316722742144,56.4892157847812,62.3447962971536,4.85240355258546,14.7323352589417,69.3300741403432,260.443131637044,89.4595930879046,1.17155000408721,0.897986019591495,0.54835803772493,6266325589.72808,0.0008489084992934,0.156539308702595,1.20601905623663e-07,1.05401998632543,0.0694927440863707,0.762107667747324,1.12657131937475,0.327647477998115,0.164322587896872,0.56830661826949,0,1.11568747961902,0.39573375799804,23.4165870060742
"48","C_47","No fishing",1,0.000343023520096532,1.14829241991824e-07,11.0436447779442,2.77531247024578e-07,2.43448442906783e-08,1.5846382077718,0.248603348922875,22.5242385964479,0.54059920984871,740.471693015128,38.9440435223705,8.60802116639716,108.272229308231,11573.1278545027,112.327389140805,895.901410765023,9.25108533538825e-08,358.492613278769,0,10.1842107445533,0.00185957098448418,9.25108533538825e-08,2.77531224920905e-07,1404539564.78764,9.25108533538825e-08,9.25108533538825e-08,7.45674069333386e-07,13082.0460449408,34095.8176113113,389.952659641978,402.984251087027,0.00250278841592024,2.77532069166444e-07,19.282462615528,0.165293790988875,722.716431972625,130.555773466414,1067.95764961095,2416.06019016061,5152.37221287443,172.605246639614,403.51289052459,5926.90353812983,5330.73535562599,12000.0688494812,212.002210938805,2.77531224918733e-07,2.77531224918733e-07,1451044478.64516,0.0786129136658125,0.603644451720693,9.25108533538825e-08,1.02720260980036,13.7906397494529,138.927193629015,441.115201549311,31.3569947062992,17.9641348830705,13.742403079741,0,86.2213185570768,121.783878029571,2.77531224918733e-07
"49","C_48","No fishing",1,1.33564910387729e-06,669.515364074818,30.7739073245297,7.97707472999729e-05,1.07091873647304e-07,37.3724547440519,6.78379783888533,20.4441952109725,0.574940269007805,743.849488997442,49.5048377967448,9.19882790580771,306.8166724322,16871.9536894126,165.875557814332,1001.32346182985,4.06948498877663e-07,997.683767408375,0,24.8147262705987,70.7320836995888,3.57869895892426,1.18184460445225e-06,1442047106.52285,4.06948498877663e-07,4.06948498877663e-07,1379.90728439161,162980.406648821,153493.51239313,930.68757185658,1353.28420525167,1.74801750041936e-05,0.00307421294867481,12.7062430129785,0.16219908694123,4026.16641666582,167.224961831816,1019.75468125069,2945.48928147757,7535.35835462028,401.140910074745,444.741486765578,9479.76946193565,18210.9953343655,10418.7092569765,184.218190299568,0.175193796139083,0.175193796139083,30027656406.3172,0.125183189735315,1.49287118795774,2.38080585736595e-05,23.8431202397534,81.7730054349798,158.869938756136,2266.89174134205,54.0163758915346,35.3048841969471,63.5192652929678,0,110.409782686964,155.815976642849,1.22086749129813e-06
"50","C_49","No fishing",1,14.8399479108787,6969.95323835064,0.137385548316121,7634.50580214763,2.41536352281195e-06,62.2272055253993,6.57040470475786,0.115798284540676,0.445098888583866,426.665506234424,34.5726576191598,4.33039956600846,2.98721135357956,83.369991733028,4.76499362811311,41.6407604833245,2.96532307273127e-06,35199.3709567402,0.000652235460267978,108.238579605611,156.086695507629,224534.749512363,15.1252505524013,1447850344.46934,2.96532307273127e-06,2.96532307273127e-06,126.264312131708,3744.02424698285,153.542277382758,5.11370495098788,808.32028964215,0.000812958743743521,212.430095790182,13.8311086972966,0.000729841224334715,1681005592225.81,1.07864703727637,65.0469529522468,56.4821654041077,62.3328770904399,4.85379713545899,12.2160932155184,70.6581190121589,261.454140613743,117.006925620014,1.5346927999988,5.09539429689329,10.0525469171458,48841095183.4541,0.000515910824834326,6.55582382467555,3.86267075353083e-06,31.6695117683021,0.0777281500730937,0.570748129765951,30.4877296278753,0.325224600358951,0.164336990091633,0.570164455800866,0,1.24788930816325,0.442625657385447,36.6615512001607
"51","C_50","No fishing",1,1.94545900411992e-05,146.915227610859,0.318288850494599,23519.9563827266,1.70654298607011e-06,5134.88791270752,4050.3467658867,0.103438322678698,0.436401623568669,421.049938603917,52.0118464689104,4.63705699714721,3.61177805581318,62.7979959013851,4.80897408647082,42.0596962093584,127.010052817069,145591.489887793,0.0743068260600338,93.3367822297613,0.021110112082862,88805.5552637286,3.86580044530004e-05,570739041.31687,2.09510802169589e-06,3.75345393525054e-06,2269.00188258359,0.0539187824533084,2.69773033291649,15.1132608442301,796.119624756046,0.108122494287439,5742.51439360508,6.93674473904481,0.000735624438870139,3469814825871.63,0.789834610615454,79.3051454960255,55.4799668404604,73.7619329600685,4.93162143900331,7.60400387173193,116.045089922662,261.343888419728,142.666414296841,1.86574451473951,16.7420286502769,25.015617855495,36886135872.5263,0.000475851861610843,0.156541735661515,2.09510802169589e-06,21.8904127974099,0.0694935779393142,1.04490552928843,23.0695556546536,0.330411965633341,0.164408200583534,0.568328923142777,0,1.11568771675991,0.395733774615613,2630.17821359388
"52","C_51","No fishing",1,27.4018335269759,0.0803424405135754,49.9625352593229,47.2627576522017,9.84036979743579e-08,348.901188375737,161.103574409818,14.5121877515158,0.398737611404042,462.424131218334,49.7320887694665,6.6578476584497,55.3039590037671,21766.9884916754,21.3254454281115,143.187716724718,3.73934292299185e-07,2858.37774421946,0.181537697149302,13.9918929952604,0.00872652043159793,0.611594571105157,1.7164160897506,1223529923.9473,3.73934292299185e-07,3.73934292299185e-07,1212.85073686366,4795.7301189533,3408.47116169499,539.784781266801,239.876743035345,1.12180215690494e-06,6.95160623631333,16.8356214480558,0.165293789918521,18231.1909106583,140.82468062856,1270.52431741684,874.249412790252,8681.04452620008,193.527257295067,634.583034396426,9509.3167273733,4315.09220996766,12975.3396442285,229.091383623303,0.665978585297776,0.665978585297776,91395970798.7564,0.0942220039861051,1.10978476671542,0.0327559888858293,53.2880241546887,40.0860610223183,176.708921722645,472.649826229693,3.79234615000022,36.5356563004293,1.56375768086813,0,86.2570668225883,121.858203708742,1.1218021569263e-06
"53","C_52","No fishing",1,6.0288629304617e-05,295.742247540278,0.0794225763354388,92031.4492643735,5.28847625479096e-06,6210.96951977205,4073.9809641807,0.0986442084509099,0.383608296786294,386.013277902216,25.4524493448754,3.27683977910991,3.02895416912509,35.6493730507772,0.00714986899437515,1.72042500904413,1714.16628196827,364723.440296463,0,120.887891481077,56439.6293491172,2165.5870655778,210.251000409432,5179153298.44795,3.48777237798555e-06,49011.9374728464,0.0184253519113012,0.173425261577922,18.0141717438155,4.07850505388964,155.446564506036,23.8829401416206,111619.022200082,259.005208880295,0.000572183476086138,2995830237144.02,0,50.9687607417332,11.9913076876663,61.0767400916865,1.46574481911058,0.542011370392665,80.7776999275007,0.0682045898989887,116.358840179846,1.73327283513323,54.0898625640728,375.27450580015,572631029397.046,0.00146506891884902,0.246912619269057,3.48777237798555e-06,127.918710891432,1.30201369091589,0.149254058458067,20.0787395628031,0.00816258111613681,0.133509991261172,0,0,0.679571842820058,0.324581751714393,22892.5226675757
"54","C_53","No fishing",1,5.8581663723291e-07,0.00520774728832827,5.84723992867181,6.01491956486612e-06,8.08577894686997e-09,0.00670899656089407,0.000623345889605231,14.3085142098231,0.457987475948959,665.091192805558,34.1160272649176,6.39336664842957,228.725788786272,3775.1233290129,117.878184862174,873.517025616191,3.0725817822572e-08,3.71652330151831,0,1.92873696783461,23.1486885865212,3.0725817822572e-08,2.87142367494468e-07,319366445.600327,4.23211065208612e-08,3.0725817822572e-08,17511.6269405478,36299.9552145314,2.64605541967471e-06,1986.29398245397,593.091318599239,9.42685665830516e-08,42.7938858596089,1.09428863771772,0.18240565677796,18.7299704596247,325.5998502869,422.769290367831,1964.81611362884,1126.15875850558,136.252910506668,26.0092683772733,3800.80823870119,3874.94293637647,4352.42948295743,90.6341575420727,9.21778799942118e-08,9.21778799942118e-08,1964275081.65974,1.92457182277741,8.28338777880865,3.0725817822572e-08,1.26552284068829,14.8685311055128,144.266463664606,476.416399487043,18.3416063898895,8.04196858576612,10.0329291887227,0,379.158376404986,530.053630336884,9.21778799942118e-08
"55","C_54","No fishing",1,444.097637946468,0.0129939131578383,11.1095581349847,41937.0902443216,5.0483455942721e-08,17.0251139945362,3.43672880195676,12.6748631352684,0.46060768569977,616.562426991086,31.2690898590752,10.6299314582183,66.7234888243766,21169.3471853656,136.837823845206,969.257455692797,1.9183685145923e-07,855.806812997377,0,2.78572198986723,0.00382430650590574,8.02410755601854e-07,1026.464791709,140601203589.686,1.9183685145923e-07,1.9183685145923e-07,0.000284365471191104,421607.611093934,1.9183685145923e-07,410.190789270718,681.215632377947,1.68926749077905e-05,98.1843002043144,1948.20847386583,0.165293799211913,2098.99672961465,289.378846048039,1275.22616116638,2799.57487744918,7178.34507818629,259.484470452723,501.115852035055,7710.27662158472,7401.37013196023,12134.0449319706,213.569536375463,5.75511397918878e-07,5.75511397918878e-07,320547509.614828,0.0952480855429562,8.80575238354669,1.9183685145923e-07,5.75511397747207e-07,20.3404253001062,162.067529401397,632.167595358699,41.0628668667619,25.7711813832135,18.1419908597623,0,86.2371896105991,121.815019289104,5.75511397918878e-07
"56","C_55","No fishing",1,3.85919596785172e-06,275.992347370624,779.138165591955,1.71391047677435e-06,1.50344863604934e-07,17.4307784572578,2.33428664415138,599.843176999637,7.93364649805115,1318.03655416459,1449.38578055245,154.177958524998,16446.2803160392,9891.96462503829,180.550543735594,972.114609728557,5.71310815295994e-07,719.817193858971,0,35.3321897265505,200.006575044269,87.3918994080572,1.71392973976988e-06,1421640832.44162,5.71310815295994e-07,5.71310815295994e-07,2815.98947540504,293892.609616012,111770.065424125,7533.71586309659,1469.96773876242,1.77771643263054e-05,1.32502823777379e-05,12.22288533637,0.158467220708141,3185.82960264709,236.038881694711,904.643196419409,2862.9913665813,6954.8914239762,396.035860402112,230.15497907905,9799.48339290797,31295.5078804159,8795.65815273874,158.007541026853,0.433845287561205,0.433845287561205,56518980102.8007,0.169361778398252,25.6224105386276,0.000114211340616023,39.0649302990458,81.8579746404908,145.480131146997,4063.69252896869,60.6519246871554,36.7571159473157,93.284953001168,0,139.469338595426,196.598778686595,1.71393144509546e-06
"57","C_56","No fishing",1,0,53.1830288060158,0,4462.11166595562,572172487.506038,177.059675223403,708.184965028596,0,0,0,0,0,0,0,0,0,1090.99926739325,13591.5274864476,0,30.0028947674467,0,528.912295305726,25.3135842290342,2517976441.72217,0,1366.25568903245,0,2756.62363085829,0,0,0,1.8193428583545,4462.11166595562,9.21186257394681,0,39739624985.4876,0,0,0,0,0,0,0,0,0,0,77.4819330524213,21.8023541863025,1144277636.83537,0,0,0,7.67655214495568,0,0,0,0,0,0,0,0,0,555.569398151556
"58","C_57","No fishing",1,1.35688004918621e-05,68.2319839693029,0.380930827142025,13196.2783325994,1.19024565718089e-06,3933.26547567721,3270.87074937834,0.0959860562224861,0.484360557504561,480.288788824261,47.4247531882472,8.33868535621597,3.51547149495706,44.4203493724726,4.80887080944348,41.884342950063,471.664620792849,148251.285259935,0.0386152203113959,42.3532820293815,0.00548188649349946,31548.8747523119,181.986748266452,9699465119.05229,1.46125490186504e-06,1.46423122322152e-06,1616.96436139061,0.0143758562784702,0.542622708838038,14.9578240719647,777.867323457054,0.0050786938730746,3571.52043312371,165.243442365468,0.000735624426509896,1426737525202.47,0.789828496006897,81.6375530999368,54.8864721953314,77.2080985030398,4.96632901047738,4.93571929547405,137.410375079936,261.296156653377,146.761217054095,1.92019673932937,51.8033222001714,64.0123212631125,50768778462.1892,0.000471658176463791,0.45083696365183,1.46125490186504e-06,9.60523719085137,0.0694935191943796,1.35480844437678,15.8014088816553,0.333849441525002,0.164419250931538,0.570104841585459,0,1.11568704062532,0.395733757088668,1565.5191012455
"59","C_58","No fishing",1,10.8745864209019,70.2833756665101,33.3219687449384,20.5589365169388,8.75117633395767e-08,4.42897228011459,0.550241026110221,8.91432082728109,0.309051715695687,496.748693908133,37.2521885735287,6.09570401698451,341.237671158664,6394.9413154781,134.164531043059,832.720526393766,3.32544417701893e-07,1379.78475198837,0.211346351681061,6.40775517571804,3.32544417701893e-07,0.763150592520939,0.873208212621716,1672802907.49221,3.32544417701893e-07,3.32544417701893e-07,2.81445854548734e-06,5200.03360303548,4.69705692480804e-07,2240.61720480872,839.317838101114,9.97634102068679e-07,1.93873063892894,27.382170354145,0.165293812981315,437.843702250599,366.856978574489,1611.13513333205,2442.30407011291,8215.32673671543,400.039932876202,159.884528012099,14395.4278636988,22351.1526374066,14523.4150935855,256.816073986985,9.97634102090443e-07,9.97634102090443e-07,11814143908.2148,0.0778433922225008,17.8954384923821,3.32544417701893e-07,3.12021622245658,26.8075950327354,180.889832530732,7602.12751838615,50.5437923630713,21.1277543238028,79.7405425020463,0,86.2013938164716,121.723836830459,9.97634102090443e-07
"60","C_59","No fishing",1,0.439440989889382,692.743081748434,0.313760265860749,1642.58507866291,1.46036216525992e-06,38.7537171127069,4.24637618012276,0.101944601354067,0.474170504829354,458.935084126474,48.6321420108768,6.67342334530558,3.23567300551074,68.159225903109,4.71327794885311,42.1799612709773,1.79287520226063e-06,24339.5775934183,0.0259357281006391,63.4198647226939,75.3071698264652,127696.563451957,3.30301514046689e-05,255349741.811054,1.79287520226063e-06,1.79287520226063e-06,93.9488811963122,11351.7647523077,89.3497702157344,7.92727903745016,800.847123675494,0.00130090319146689,1294.03610794709,0.349407858351624,0.000734660573079962,1269989276052.49,0.837969328131837,62.256872624576,55.7177548398627,68.2756206323118,4.91387630140332,8.04354959261575,103.718224417288,261.462118057359,112.22169799191,1.46840812896152,0.927843282125617,1.0215828606002,18504684893.9932,0.000461819485417017,0.185952922248032,1.79287520226063e-06,13.5969283535675,0.0708660096537334,1.15022761392882,25.5074347571465,0.331904594614715,0.164396009590698,0.568334684695775,0,1.13772075790465,0.403549071484646,0.00236029426050249
"61","C_60","No fishing",1,1.49914325998339,194.272347858097,270.607030821852,0.918573795927425,1.84120940146021e-07,166.621804257519,38.2178416903369,183.836165029421,2.63659275154725,847.506807527102,439.575446671134,51.8293853431887,4935.33239910409,25027.4423068234,170.295923909555,1048.55766107695,6.99659386434826e-07,838.143003626681,0,37.0174129136559,95.035769412846,223.490792833221,0.0747083091793569,2049573925.81945,6.99659386434826e-07,6.99659386434826e-07,1943.40893082182,89664.6284759548,404809.044905894,2569.85086913077,1976.78692164173,3.69129610167497e-05,2.4430350281253,20.4473807607372,0.164019515607577,381.891290945687,571.670753441936,1472.54429991335,3238.14165890584,9057.75259699959,497.172753458916,539.935480121818,9911.66000991913,23011.2158659842,10929.079866569,191.482028167232,0.176197166330102,0.176197166330102,25469782259.3167,0.105946050428836,22.2462321997884,6.99659386434826e-07,22.3150410452798,146.218287749571,165.069190601365,2325.64096151242,60.7851409538907,41.0670047312421,93.0361186373243,0,96.174496149745,135.772360560481,2.09897871768712e-06
"62","C_61","No fishing",1,43.7238453436845,215.113349833051,243.118021849154,44.797521203146,1.8947868930302e-07,16.7541141857634,2.20676117264868,155.824990275391,2.015213611412,708.54955841968,382.894656865999,43.5853597263166,4576.55986853087,6650.51972439325,144.32494262423,922.829106892503,7.2001900851744e-07,3107.29278682211,0.418751769281106,11.8464803121966,7.2001900851744e-07,129.563417803174,2.42107257190818,1692295807.42306,7.2001900851744e-07,7.2001900851744e-07,5.43471924995857e-06,11041.9241337173,7.2001900851744e-07,3732.54751906204,1594.80931986547,0.0227917491373877,10.8579742948612,27.6298792008572,0.165293815073429,1901.40583316098,249.668833019094,1546.50118704942,2681.75677706463,10672.6656094411,555.953165293247,208.514379851756,17017.1532805483,38081.8650264183,14512.055211301,256.167901784904,2.16005705806493e-06,2.16005705806493e-06,11436540958.5291,0.0787276923580298,12.5554299043694,7.2001900851744e-07,3.08970271461988,74.6892293821586,169.461256922527,7582.82643057163,64.4211241477647,34.9666968606922,293.677568545743,0,86.2089175207906,121.740320060793,2.16005705806493e-06
"63","C_62","No fishing",1,9.8512701042029e-07,0.643790808053563,36.3911632645974,9.85118540658151e-07,8.64139070750445e-08,14.4069071967804,2.18633358731525,13.7025648446084,0.390192869875144,538.045929258233,38.7211357624483,6.34344122064141,261.484319505112,10978.5427723713,142.894716886015,895.585969862012,3.28372814294828e-07,1491.02679224741,0.368245147044618,14.0703434307594,0.00224364630680868,0.479692878198037,9.85118540658151e-07,1712858629.84432,3.28372814294828e-07,3.28372814294828e-07,108.323094790458,4847.96406885341,345.819456384186,1590.91639488947,900.833246729767,0.0151227884484071,9.85118540658151e-07,24.3684705885089,0.165293811478579,4722.08993698759,130.493570538718,1304.64298506769,2615.66551890258,8132.60343447728,391.852439770255,245.496888446941,12253.8725719895,18017.9104804273,13506.018743907,238.0858330337,0.093454498479037,0.093454498479037,180787561543.566,0.0810129219571997,10.4855201188622,3.28372814294828e-07,104.241108222115,29.9821597021683,192.930209869748,5023.42229892015,49.413290225738,24.7657121994167,57.5468639494554,0,86.2190915323856,121.767377294402,9.85118540658151e-07
"64","C_63","No fishing",1,9.24992471942957,6515.61784842539,0.372609078265624,7163.59026320439,1.5412442717815e-06,2302.58593564211,1718.18566922365,0.142011504687005,0.611498908617925,605.75480222856,42.9771996480628,7.28162952944573,8.25447547268796,45.6756005673535,4.77481705409568,32.2855111394618,12.2250839830685,53529.2945488346,0,78.7565449491113,154.836974723382,75721.9758285009,0.00184065991108465,606660744.521836,1.01646076539591e-06,1.64318370877483e-06,2561.48057319125,3132.91550416509,113.56085624524,10.5829470168673,864.43733602604,9.49485733102067e-05,5028.96262764215,4.37858939583438,0.000478940256421331,1253842488754.13,5.70022009407009,46.0815282479497,54.6192627142999,66.6008849440454,4.62823626318288,4.07313316352427,145.360518239557,230.607391141192,124.45261211902,1.58620251168964,16.7723894315585,16.7334650626281,18230222694.0343,0.00129622046875874,0.302734143268414,1.01646076539591e-06,14.3234285945685,0.0633412884825362,0.246994794852578,17.0929170995011,0.234317053013471,0.133559290647968,0.394040471327576,11.0529184467733,2.3485775866692,1.12175401750919,156.162740589305
"65","C_64","No fishing",1,5.98355834667474e-07,47.5453277527285,0.0363440884657547,52.1117864161654,5.24873539181995e-08,29.9686859634428,25.6692783660294,0.0807446355259439,0.614792326354355,769.68389428349,32.177354036811,8.06286291238845,5.37255430971457,1.77761475829048,0.00550502295063767,0.0617498369913089,0.00543386569164188,941.312465540088,0,1.50888598679986,1.72015033103528e-08,568.800984497696,0.423850849780303,33373572.8834394,1.04357095383115e-08,2.16932818918465e-07,2.06789399034526e-08,174.785380673671,1.64715620739496e-08,9.92860135785105,156.022951595881,1.82122550709724e-05,1.33231257189484e-06,0.593256753683304,0.0014371289201178,20773286764.2086,10.7996466780165,25.8933753665561,1.1745021539971,69.5796036722246,0.420271730986055,0.337715379257478,178.716733702783,0.15465039666971,90.7773050177869,1.37767765041371,0.0717777954351621,0.091388287421767,793640569.203131,0.00333645453067946,8.32560664565059,1.04357095383115e-08,0.335345493354605,0.0460185322279502,0.0133370678769711,25.9151425453908,0.010725027533557,0.133567428476936,0,0.1587761319244,6.88446984679854,2.97100256570176,6.79180577951163
"66","C_65","No fishing",1,9.05860874121715e-06,125.161869457574,0.0225881208131427,188.500103782754,7.94614801861154e-07,461.947578104869,392.28903116301,0.0627543873806321,0.482553656046178,539.406022085356,22.6864072763489,4.99780572701073,3.30278421171666,1.61182843830957,0.0064073540179937,0.0671715909568391,16.9103849021181,30294.7714599356,0,9.48824578197864,3.51688729069315e-07,1.58130834824497e-07,0.00184695347361891,336899436.742101,1.58130834824497e-07,3790.84298444584,4.11836619929977e-07,1.59260824753017e-07,2.72387708720227e-07,10.2024177720834,168.544704766874,0.220765674475657,181.547234438337,3.40366434141615,0.00143139172666266,26509677698.1997,1.84743340908619,36.6086638586041,1.24953199306602,69.7577478755368,0.450330805052429,0.359178551801435,180.055032416823,0.154641976884594,128.488706059969,1.940885105406,0.399380718752242,0.404445349752584,24059962482.2634,0.0056996753508122,0.778401031070122,4.25124880539681e-05,14.8990668272514,0.0487861380559274,0.0139398544368768,6.22373644617199,0.00880811927134607,0.133572075763373,0,0,2.58214788975289,1.11430937956945,134.147468962239
